"Vendor.Number","Vendor.Name"
65,"Jim Beam Brands"
55,"Sazerac North America"
260,"Diageo Americas"
370,"Pernod Ricard USA/Austin Nichols"
305,"MHW Ltd"
85,"Brown-Forman Corporation"
297,"Laird And Company"
421,"Sazerac Co., Inc."
115,"Constellation Wine Company, Inc."
461,"Campari(skyy)"
205,"E AND J GALLO WINERY"
434,"Luxco-St Louis"
380,"Phillips Beverage Company"
322,"Prestige Wine and Spirits Group"
395,"Proximo"
125,"Cedar Ridge Vineyards,LLC"
301,"Fifth Generation Inc."
240,"WILLIAM GRANT AND SONS, INC."
420,"Moet Hennessy USA, Inc."
35,"Bacardi U.S.A., Inc."
192,"Sidney Frank Importing Co."
384,"Piedmont Distillers"
259,"Heaven Hill Brands"
300,"Mccormick Distilling Company"
306,"Mississippi River Distilling Co."
971,"Hood River Distillers, Inc."
154,"Iowa Distilling Company"
100,"Aiko Importers Inc"
239,"Russian Standard Vodka, USA"
410,"The Patron Spirits Company"
91,"Castle Brands"
389,"REMY COINTREAU USA         ."
285,"Charles Jacquin Et. Cie., Inc."
130,"Disaronno International LLC"
246,"Louisville Distilling Co"
330,"Gemini Spirits"
277,"Stoli Group"
346,"Ole Smoky Distillery, LLC"
255,"Wilson Daniels Ltd."
136,"High West Distillery"
163,"Marsalle Company"
267,"Imperial Brands, Inc."
492,"Western Spirits Beverage Co. LLC"
195,"Swell Liquor LLC"
184,"Four Roses Distillery"
373,"Prairie Creek Beverages LLC"
803,"LEVECKE CORP"
391,"Anchor Distilling (PREISS IMPORTS)"
308,"Mango Bottling, Inc."
359,"Park Street Imports-Duke Spirits"
10,"A Hardy / U.S.A., Ltd."
208,"Prost Beverage Company"
112,"American Vintage Beverage"
962,"Duggan's Distillers Products Corp"
451,"Serralles USA"
294,"Jesse James Distilling Company"
284,"Charles Jacquin/Independent Spirits"
978,"W. J. Deutsch And Sons, Ltd."
116,"Bad Bear Enterprises"
375,"Park Street Imports-Berentzen"
86,"Broadbent Distillery"
187,"Koval Distillery"
229,"Dehner Distillery"
313,"Vision Wine and Spirits"
122,"Cooper's Chase Distillery"
497,"WILDMAN AND SONS, F."
460,"Shaw Ross International Importers LL"
315,"Patriarch Distillers"
381,"Windy Hill Spirits"
338,"Niche Import Co."
287,"Chatham Imports,inc"
394,"Black Rock Spirits"
376,"Sage Beverages"
107,"Blaum Bros. Distilling Co."
209,"Minhas Micro Distillery"
206,"Panther Distillery"
418,"Gunsandmore.info"
207,"Paradise Distilling Company"
413,"Santa Fe Tequila Company"
415,"Koloa Rum Company"
477,"Total Beverage Solutions"
69,"Bendistillery"
226,"maDIKwe USA, Inc."
121,"Cooperspiritsinternational"
469,"TY KU, LLC"
295,"Kobrand Corporation"
977,"Werner Distilling, LLC"
268,"Impex Beverages Inc"
399,"Rogue Ales and Spirits"
369,"Park Street Imports- Caballeros"
101,"Artisan Grain Distillery"
204,"Hillrock Estate Distillery LLC"
357,"Palm Bay Imports, Inc."
80,"Boston Beer Company"
446,"Stephen Augustus Imports"
164,"45th Parallel Spirits"
198,"Frank-lin Distillers Products Ltd."
140,"Iconic Brands, Inc."
885,"Yahara Bay Distillers, Inc"
185,"Evaton, Inc."
251,"H A P LLC"
311,"Modern Spirits"
390,"Quadro Group LLC"
969,"Aveniu Brands"
503,"Whyte and Machay(Americas) Limited,L"
155,"Domaine Charbay"
109,"Casa 1921 LLC"
90,"Carriage House Imports, Ltd."
487,"Wine Intelligence"
110,"3 Badge Mixology"
478,"Trinchero Family Estates"
803,"Levecke Corp"
118,"American Spirits Exchange"
459,"Surville Enterprises Corp"
350,"Luxco-Cleveland"
114,"Aha Toro Spirits Inc"
119,"Breuckelen Distilling"
127,"Classic Wine Imports"
224,"Ste. Michelle Wine Estates"
166,"Swiss Cellars"
463,"The Country Vintner"
379,"Square One Organic Spirits"
495,"M.S. Walker, Inc."
363,"Paterno Imports, Ltd."
111,"Better Brands Bev Co"
293,"Jinro America, Inc"
196,"Philly's Premium Beverages LLC"
104,"ASDSpirits, LLC"
191,"Journeyman Distillery LLC"
33,"Bmc Imports"
146,"Lloyd Caruso LLC"
432,"Seashore Marketing Group"
372,"Park Street Imports-Tanteo"
256,"Haas Brothers"
143,"Dakota Spirits Distillery"
377,"Park Street Imports-Veev"
452,"Speakeasy Spirits, LLC"
270,"International Beverage Co., Inc."
128,"Clear Creek Distillery"
367,"Park Street Imports-House Spirits"
250,"Homestead American Whiskey"
343,"Pacific Edge Wine & Spirits"
347,"North Shore Distillery, LLC."
150,"Dreyfus, Ashby Co."
82,"BuzzBox Beverages"
102,"Broadslab Distillery"
312,"Klin Spirits, LLC"
223,"Spirit of Hartford"
447,"Stern Beverage"
496,"Willett Distillery"
203,"Honey Creek Distillery"
211,"Lapham Import Co"
374,"Park Street Imports-Few Spirits"
158,"Dry Fly Distilling"
263,"High West Distillery, LLC"
61,"Biagio Cru And Estate Wines, LLC"
411,"San Luis Spirits, Inc."
288,"Kindred Spirits Of North America"
365,"Park Street Imports-Voli"
137,"Itsko Imports Inc"
310,"Marsalle Company/Stoller Warehouse"
108,"CVI Brands"
79,"Breckenridge Distillery"
504,"Woody Creek Distillers"
501,"Winebow, Inc."
465,"Stanley Stawski Distributing Co."
14,"Adamba Imports Int'l, Inc."
252,"Leatherbee Distillers"
278,"Intersect Beverage LLC"
113,"Campari"
468,"Ti Beverage Group, Ltd"
194,"Fire Tail Brands Llc"
307,"Liquor Group Wholesale"
361,"Park Street Imports-Sweet Revenge"
197,"National Brokers"
502,"Vodquila LLC"
386,"Phenix Brands, LLC"
448,"St. George Spirit, Inc"
190,"Firestarter Spirits Inc."
714,"Nestor Imports, Inc."
161,"Dorado, Pizzorni & Sons, LLC"
462,"Tanteo Tequila"
156,"Domaine Select Wine Estates"
476,"North Texas Distillery"
483,"The Wine Group"
160,"Drinks Americas"
68,"Belmont Farms Of Va., Inc"
51,"Barrel House Distilling Co."
475,"Spirits Of The USA"
27,"Anheuser-Busch/Longtail Libations"
488,"Vital Beverages"
456,"Spirit Imports, Inc."
89,"Temperance Distiling Company"
987,"Stellar Importing Company, LLC"
486,"Van Gogh Imports"
298,"White Rock Distilleries, Inc."
482,"Sovereign Brands"
485,"Bacmar International"
